timestamp,raw_material_variability,grinding_efficiency,energy_consumption,kiln_temp,feed_rate,oxygen_level,tsr,fuel_calorific
2025-01-01 00:00:00,0.22206137434425208,0.8256298411978333,9.41174099416798,1446.2585959181497,296.9687434050869,3.099096513647333,32.405411034502755,3922.631425950089
2025-01-01 00:01:00,0.18345649240529563,0.9553141751384588,9.560839810047346,1458.74804708335,325.0763865558576,3.226147849385866,37.669840256257004,3383.515657364792
2025-01-01 00:02:00,0.321538559350389,0.839173580886647,10.35366770105249,1452.613849456912,313.38967228292057,3.805853300890241,30.97857913793102,3508.2050409196463
2025-01-01 00:03:00,0.18739539351984616,0.8303503875137166,8.90294708690528,1439.2108984414344,314.6561799535012,3.783993413543084,37.38935760529316,3601.879070749127
2025-01-01 00:04:00,0.20548049207890914,0.7714429501612196,8.772442074290774,1420.1586321804657,268.38525479579266,3.2685974392780635,18.53964455983275,3302.7692428435653
2025-01-01 00:05:00,0.2791240558530782,0.8606545243795825,9.191118894959121,1460.9590182548307,292.804019243841,3.173074466782508,20.161470697698064,3500.5163932264873
2025-01-01 00:06:00,0.15453837975718793,0.8815520582535499,9.441709666728919,1463.524764711662,303.64415193712176,3.6884791157272625,11.776025359416268,3499.7774035355174
2025-01-01 00:07:00,0.1704181671034856,0.6978746020033408,9.141002219525022,1431.8308812564374,293.2030622383538,3.9482401174319857,36.00808328215196,3061.318923413645
2025-01-01 00:08:00,0.20938016129185177,0.7171800662129934,9.582757979685619,1469.6714929952523,304.1162577592846,3.3403392546238906,14.626527636825289,3754.4145014158735
2025-01-01 00:09:00,0.18350650211103206,0.9261066009925859,9.564280935446712,1444.8412767639238,289.7716228206115,3.1889677920900343,26.539585364719215,3650.1246289798873
2025-01-01 00:10:00,0.1403617693789097,0.8255539500520673,8.97943165219145,1481.5753666871658,284.9700522641627,3.8971796576325994,25.275861652998206,3343.64275650831
2025-01-01 00:11:00,0.18975617447062065,0.8077520137417944,9.664308830190729,1457.2218669994704,299.11561758607377,3.7918161881622137,34.41805236836081,3457.1129347010697
2025-01-01 00:12:00,0.18205855264993787,0.8337777507920346,9.025240052202445,1445.969420620693,301.5747688469804,3.0843043444014295,21.639683992322034,3626.324843549188
2025-01-01 00:13:00,0.2301735801304748,0.8658058834612619,9.87922302370927,1464.8528541187077,294.7208134279357,3.1937328729420833,14.279940163789169,3434.660896202088
2025-01-01 00:14:00,0.11676057352641528,0.8480491310451809,9.68771689801952,1451.33353800121,299.26115928465293,3.4071986062871518,21.492431379942587,3439.3127303318633
2025-01-01 00:15:00,0.16499104811550244,0.7866150039929204,10.474703266768289,1451.549814974842,317.41301309067074,3.847473279943401,11.44149983849957,3136.6896468773025
2025-01-01 00:16:00,0.25756955047435853,0.9238202398464911,9.928377130148457,1450.913531346584,309.09440418684426,3.7574551803438934,19.04409439558048,3638.645077972972
2025-01-01 00:17:00,0.2928665503615656,0.80075741008487,9.51568833244908,1448.1384620972967,314.69381181717813,3.4994970506957825,28.90008136654735,3530.9702263217596
2025-01-01 00:18:00,0.12444102211558172,0.7475135721735646,9.734977194463527,1457.610704118015,310.88332022375005,2.852171990187072,11.714294322060251,3568.614980939991
2025-01-01 00:19:00,0.23224237554463895,0.7665752371629484,9.655901082459383,1459.7278600411128,302.1508467273392,4.350520199182988,39.69088679358444,3118.36886703254
2025-01-01 00:20:00,0.15096960573906892,0.792061882972622,9.301095229448734,1454.257703307668,294.28962007657157,3.2337394623873457,26.085672668003028,3912.674922796619
2025-01-01 00:21:00,0.1571573422641955,0.7772465008877828,9.01576500511921,1471.7510837657203,333.19372061995153,4.077654444676336,19.002155595907794,3538.5838838640893
2025-01-01 00:22:00,0.15640604083721732,0.7887323776282233,10.036660550281729,1433.7222903486554,302.78095094000133,4.041461129397132,35.01361730352447,3403.215014178403
2025-01-01 00:23:00,0.17887460354188028,0.8189279690132052,10.204747991065664,1444.436416409304,314.50046304189544,3.7011343916547514,14.123955438092734,4007.268055190278
2025-01-01 00:24:00,0.24982199134566813,0.6029650731424006,9.411685794368474,1459.8958461357288,289.4125789087548,3.642326423221495,19.658919158881666,3488.6534925348383
2025-01-01 00:25:00,0.2356210635438284,0.7532784048366044,9.493885528413998,1435.8828222349946,275.01151047144293,3.226389406499333,38.11450023915574,3137.3303252133564
2025-01-01 00:26:00,0.202957212160952,0.8570206824827198,9.403326837910965,1468.7738759149934,278.62466353098563,3.1035631343801486,17.19799247071549,3398.693036143078
2025-01-01 00:27:00,0.18183445607590415,0.8337800780821569,10.001614472604453,1458.5524611344233,295.0443491450651,3.1743196630852255,31.986757815860283,2927.9212245070694
2025-01-01 00:28:00,0.2001644421467055,0.7591607560787486,10.081492503253171,1447.8279208256529,279.4349848228089,3.0091123558418578,12.427911475240702,3762.349137335814
2025-01-01 00:29:00,0.19470347789712886,0.7625297965734498,9.248643443486898,1456.4103943070438,314.9034778864562,3.44257797155392,25.974239077997602,3395.8814203699953
2025-01-01 00:30:00,0.2396526659730985,0.8684297562856218,9.461366813639076,1442.960644482181,293.27012390153277,3.0231356810913503,29.743333185894212,3314.361618698858
2025-01-01 00:31:00,0.16842141851038922,0.7851362634069163,9.383045431364659,1432.2177607745375,292.2569592506714,3.9763671943559116,16.291691360590033,3768.117532893874
2025-01-01 00:32:00,0.19969025457571205,0.768187683506124,9.68319920841256,1460.2869714212477,329.86137650451315,4.357649221633476,19.828903646477286,3087.2311026485404
2025-01-01 00:33:00,0.19494661940953778,0.9113428642579013,9.905014032509841,1461.3171878484784,294.3361743456647,2.655372105355295,26.515272301928253,3633.8573390815227
2025-01-01 00:34:00,0.19738459245740708,0.7778076723996757,10.025754800250628,1451.3732972112275,292.5213216349943,3.0138996518750254,27.699548755398194,2983.896299219706
2025-01-01 00:35:00,0.2124608829282454,0.8410548089708061,9.487255270485239,1449.7365197968772,348.85883480490327,3.713454134132795,14.626526683759845,3334.460165083298
2025-01-01 00:36:00,0.20988300455212494,0.7972597821764918,9.204066521947025,1424.4742654419044,308.37742236786875,3.578045063885069,22.323239573558958,3198.9450386000667
2025-01-01 00:37:00,0.2667424287120791,0.8030471989896222,9.813561670117652,1439.9871103815408,302.698354531943,3.380381499542384,39.99199042501917,3865.493906803381
2025-01-01 00:38:00,0.19565621968611824,0.7431664666377058,9.835743540989334,1444.4139002806123,293.0614484753167,3.4367452978065143,19.67304829393654,3941.5402194823337
2025-01-01 00:39:00,0.27807661467244454,0.7503807548984381,9.458030271336563,1452.8045270891912,323.42851392099215,3.633374583573929,33.56068181522899,3417.6465620217336
2025-01-01 00:40:00,0.18470734894166846,0.8754844164005874,9.665739498801722,1466.6204227115397,322.2537409711143,3.31635807216351,16.04841770011204,3710.1833105358837
2025-01-01 00:41:00,0.17611342913608938,0.7316665845054241,9.74188339742176,1443.7644749599106,257.74246153514304,3.7138766914316044,23.835818903607567,3455.0033996869124
2025-01-01 00:42:00,0.2050369094376426,0.8166416070459591,9.950937041148592,1440.6381743365253,300.4302871137858,3.9407213319892067,25.54508662257331,3642.0154718319955
2025-01-01 00:43:00,0.2177719236174676,0.7283332421350079,9.627400473495365,1461.4673150866417,305.8483319785511,3.94716407727031,27.880548697780874,3311.790700894634
2025-01-01 00:44:00,0.21348062032233506,0.7855737899055799,9.793736020145888,1448.4791634637234,311.18122625057407,4.139802366501445,31.52958924490375,3072.915199208236
2025-01-01 00:45:00,0.26459816916939816,0.7977675040510536,9.670677923660529,1433.5766461201183,278.0341104870984,3.599017221455094,33.87731131624132,3049.2253353800647
2025-01-01 00:46:00,0.2569671489412642,0.7022192960661653,9.21268781623362,1464.6217677512325,300.5801728966231,3.6708552905916707,31.004971460030426,3595.780462939378
2025-01-01 00:47:00,0.22472201990605442,0.868091802520866,9.880950125643764,1439.70998274064,331.9955093541534,2.9068147413650975,34.21601561529732,4061.898763201925
2025-01-01 00:48:00,0.18318318704317238,0.7889720341087816,9.639277648859267,1443.262349482598,321.68348648497096,3.421748829283433,36.578850984021855,3567.352907626972
2025-01-01 00:49:00,0.19496928268464458,0.8728842637042493,10.021250357120673,1437.5977612072484,283.29596071589134,3.1646003678960115,19.78357855212008,3368.848845149787
2025-01-01 00:50:00,0.2706699008960892,0.7439432843005753,9.125105770554713,1454.3052514689625,307.1299650818054,3.91699884959358,34.81927914692702,3978.004715582985
2025-01-01 00:51:00,0.21106270614255,0.8547117447801797,9.318848456634713,1462.884176104026,288.0420468772928,4.1641870628884154,25.59934556810004,3559.3254616592985
2025-01-01 00:52:00,0.13446134333101273,0.9400544057059953,9.730297332673532,1445.4939433067966,316.17617974532294,3.367004227855266,17.782835986671135,3525.358496302904
2025-01-01 00:53:00,0.16552173839759096,0.8129919173405193,8.913360107809819,1454.7564108767235,248.97762660315084,3.356680674552584,15.192211132038027,3563.1444338888296
2025-01-01 00:54:00,0.1711243383384296,0.7611758913587552,9.546417658197386,1444.3426446777653,317.6750292956274,3.3031433570538744,32.93347019745521,3466.905700608288
2025-01-01 00:55:00,0.25761023851878373,0.8287223632890297,9.420742932740065,1478.039293746103,306.2328396490781,3.4662684394049443,29.09898485556742,3422.63091485278
2025-01-01 00:56:00,0.19464180075879262,0.8084496291632959,9.433899165446286,1468.033426373652,320.60699827838323,3.1969448679373555,12.121941067236847,3141.2591334911112
2025-01-01 00:57:00,0.31300533868601355,0.7874000839386944,9.499037311357219,1442.854483372246,280.59008879269334,3.8104857608320426,27.623611762657248,3625.40603079526
2025-01-01 00:58:00,0.23283097351302137,0.7927696013590669,8.708215419160432,1456.3400926780323,297.1361656077059,3.3946564647847417,11.336398586648949,3476.3061373900264
2025-01-01 00:59:00,0.20624034126650975,0.765270453048692,9.616609371146177,1461.2778975709848,282.12675861528123,4.0591169960894975,21.737681515996258,3798.271480586003
2025-01-01 01:00:00,0.1782148040485755,0.8254320555974999,9.629657351085756,1455.1154246407275,310.59856220262657,3.785167255954403,27.134837138161984,3407.7953828880386
2025-01-01 01:01:00,0.24860896548395864,0.7767601181990004,10.019805722498281,1440.9021156382228,305.903145908999,3.3707724744434353,29.50583963965866,3023.407530367383
2025-01-01 01:02:00,0.18796444288679653,0.7485879111007984,10.177530241031105,1448.0515962819957,336.8045199541755,3.283527043864867,14.735582674256065,3475.097342026284
2025-01-01 01:03:00,0.158793827329144,0.8489188335843854,9.741882240084214,1458.7217195306985,315.7705713577551,3.806747729656541,11.345099176437735,3924.8843241866703
2025-01-01 01:04:00,0.22840663588654442,0.7900510389128698,9.970143867007748,1455.3289956269155,262.1337191319424,3.3537385398969124,27.280712927497248,3404.144219267122
2025-01-01 01:05:00,0.2006379158353082,0.9587212067236378,8.642448287273659,1439.7181283298348,307.9151292251131,2.9014643866113596,34.56352768159387,3277.5357847448126
2025-01-01 01:06:00,0.25945303629122723,0.7850318074061194,9.818841511961265,1455.363141093875,304.44805286875726,3.400302292722435,33.89834893106726,3201.602019435454
2025-01-01 01:07:00,0.19632033406255794,0.7569597263037732,10.042075555470717,1437.8242241581809,320.71264735281073,3.194171260555219,20.789796746055348,3237.4957972311568
2025-01-01 01:08:00,0.05701560166887221,0.7670301600581966,9.94806260912858,1424.4121192383284,314.59908333845914,4.210909999950942,27.308533513766577,3424.951565799959
2025-01-01 01:09:00,0.239468320208999,0.8222652170350918,9.694893144398486,1452.086356815763,288.2538259121331,3.4743278714547556,31.560936390671888,3205.0044766354486
2025-01-01 01:10:00,0.10611295580263687,0.7581592516525719,9.457673412263704,1461.4144150616132,296.85591764052333,3.2963594768882465,36.19565172135583,3874.409778899396
2025-01-01 01:11:00,0.27693780727045186,0.7242019302100327,9.454130157818716,1455.302768645574,322.3226104961202,2.7002045048623455,24.74881859283001,3429.341190981155
2025-01-01 01:12:00,0.29106823692920347,0.898352740087639,9.609296185517362,1467.6282087198451,288.71757833956764,3.9094800819378928,36.26500344120736,3527.1620928736825
2025-01-01 01:13:00,0.17864843070475908,0.7255913218454041,9.771566673980436,1470.994196211165,304.98234889723454,3.6723564871393304,19.53186639686784,3859.559880183439
2025-01-01 01:14:00,0.14176490449423026,0.8908187460798613,9.828656060258586,1454.2423674599054,283.5785165268156,3.4825601188185202,16.577564237366147,3875.829630104228
2025-01-01 01:15:00,0.13014629876658695,0.8084633939941996,9.56218191621798,1442.2799524892737,322.35079784277775,3.408912947727009,18.823698442333097,3446.81675824561
2025-01-01 01:16:00,0.24363273106259153,0.7362741224667008,9.097413101357162,1449.4331553529314,322.8087434435168,3.5516062827301638,31.893022680199532,3582.9935538721247
2025-01-01 01:17:00,0.18989409111897657,0.8999828240941437,10.32926538030441,1432.611522562237,303.3524655288136,3.75531453094211,36.55421239936014,3683.75664609434
2025-01-01 01:18:00,0.17008200332889328,0.7877927837587626,9.253847005735459,1449.5657228104653,284.75758473276784,3.552828235304484,24.135465670102068,3451.786134912555
2025-01-01 01:19:00,0.18782901493768733,0.7395471483153018,8.528617674981284,1448.9098361699125,293.0261859021834,3.3193256743213513,30.87753200124043,3055.4967867603727
2025-01-01 01:20:00,0.3044257343798858,0.8039245735568099,10.170409396074739,1452.1154840792206,298.2756140454852,3.5627162056682455,14.164412631862703,3663.6764259257775
2025-01-01 01:21:00,0.21734596635438735,0.877186744297523,10.005242803554394,1463.135444973866,295.5950741278685,2.714537676452328,25.222878556095395,3723.5880762051333
2025-01-01 01:22:00,0.23728634750162278,0.8410245990331459,9.675438273927336,1424.4823049244999,306.39608841468515,3.2813088579887046,23.0452342981887,3603.875653574503
2025-01-01 01:23:00,0.23884537955615057,0.849574687756136,9.989170136595652,1459.017385988576,275.0326336153543,3.35382692171609,22.948127799151155,3269.113835821696
2025-01-01 01:24:00,0.2509210566593974,0.9052601794546938,9.777933539846261,1443.512715474282,278.52256782801123,3.2317250704162492,15.641339874479389,3450.9931719230085
2025-01-01 01:25:00,0.253067571934369,0.8128738390717445,9.266925351688887,1459.5186682693502,284.3083931194163,3.409468164514123,28.68343133159649,3352.307545284216
2025-01-01 01:26:00,0.1644766776502012,0.8225488871246841,9.64651187111144,1452.0838401744331,316.51224356875065,3.7351666121510583,30.162169285404122,3425.0721906680433
2025-01-01 01:27:00,0.189240609878818,0.7864409500699446,9.105666894450207,1437.5747885684252,279.7947788750901,3.437642622612531,29.089714449002503,3824.2212981816683
2025-01-01 01:28:00,0.1619619845702156,0.7127183677337618,9.340064207324117,1460.491220680948,303.51968749087945,2.98671864180157,32.28268957324766,3882.394908348289
2025-01-01 01:29:00,0.16444183858474648,0.7913279204131157,9.253304937426867,1441.1251350746552,316.42737302149357,3.5908140714362538,23.746699192170738,3667.3545483524153
2025-01-01 01:30:00,0.2570753868717335,0.8970187283305877,9.66248384815247,1456.2753442393064,274.5484279906466,3.810022544111438,35.577984714960124,3637.1862799445826
2025-01-01 01:31:00,0.174912222640275,0.6961367823132473,10.025332424077298,1442.8974822263601,265.95324647655144,3.815063835417296,27.13636598688266,3669.1572473889714
2025-01-01 01:32:00,0.19604243194084287,0.8806367680796587,9.341816834745257,1444.2701547279428,266.89753559318217,3.718477816156786,36.45430012352456,3496.939453348389
2025-01-01 01:33:00,0.1653586828997089,0.8156923744337794,9.784117152352072,1451.3503561172702,309.016471999502,3.8592539944059974,22.30464259561868,3481.0841346282336
2025-01-01 01:34:00,0.17032986144784423,0.7453688387644327,8.747165752181246,1472.8569078722053,306.8471627938908,3.4552395587244447,31.004158577638623,3331.5887031559814
2025-01-01 01:35:00,0.23941189717698397,0.8039281694453806,9.171169432250192,1458.3298377535666,295.9525836900433,2.568363675838849,15.90415092224659,3486.0331374874813
2025-01-01 01:36:00,0.17772850042506974,0.9065793277489049,9.814135897120146,1449.7650239417758,281.2025097083376,3.3278213814798723,12.492009948406444,4064.986746656565
2025-01-01 01:37:00,0.17589399066463907,0.7656120086975122,9.983127464083502,1469.9541142275768,300.56849981483066,3.063257929455432,37.94507174636696,3717.259832313456
2025-01-01 01:38:00,0.22467788304757152,0.8474356167738246,9.977307755419444,1450.3673011459698,271.9675195430228,3.541627978355757,21.125132346694727,3414.4707441432843
2025-01-01 01:39:00,0.22502436637485174,0.8678908384241525,10.027766640690077,1446.430009529591,307.9136744555273,3.723471597481987,11.370955528086078,3382.0183369666197
2025-01-01 01:40:00,0.2396211308653317,0.7461743601495583,8.944499758914962,1438.3823483642057,300.0949583980849,3.2644072226820393,28.553605374336072,3283.8775021035635
2025-01-01 01:41:00,0.20853822262327837,0.8379627117168947,9.391745768187779,1452.0048007678781,299.348612179732,3.8163700873901156,37.997836761013886,3593.592587434394
2025-01-01 01:42:00,0.11231295697614768,0.8321093091573039,8.568052392779318,1451.3992235859987,324.96933811961526,3.0406546895784845,33.070269963426455,3597.8864233756453
2025-01-01 01:43:00,0.23151482382947508,0.7715508553812254,9.537647304819208,1441.8129121063866,280.68194148170227,3.7042010114288297,39.61741339091062,3139.2195857497654
2025-01-01 01:44:00,0.22491646073501292,0.8410991548626898,9.693953804460417,1427.031746193854,279.3481165858812,3.1530247597194383,38.053507824495455,3621.5837993104255
2025-01-01 01:45:00,0.25090688047823045,0.7783283488849865,9.46417914639841,1448.321172222898,307.2152209116025,3.242282039391192,23.66600436952171,3357.6319323703756
2025-01-01 01:46:00,0.15767656915608597,0.7653542039315218,9.229229383247867,1451.3790950423559,319.3443256963105,3.0793366211977737,17.017292417918057,3856.680289162209
2025-01-01 01:47:00,0.3260403817077496,0.725916230052058,9.771793693630274,1445.2599443031565,282.199609437261,3.584516775028153,11.957154510854792,3539.210995926046
2025-01-01 01:48:00,0.13838069425983635,0.8231287935950473,9.812663700873355,1438.5602048260243,280.74870385965943,4.034945001021427,18.163711665980728,3929.4325124150587
2025-01-01 01:49:00,0.23634766303449,0.7742486004527256,9.653438089353392,1437.1260717333585,296.3468854665127,3.2919217206185016,28.964564272050804,3385.468301778498
2025-01-01 01:50:00,0.20229776120511453,0.7664644237552954,9.358667604868872,1444.1866527348875,309.86569820234115,3.3690197332499983,37.326739778926125,3428.004033369805
2025-01-01 01:51:00,0.17564336772444028,0.7310600013559675,9.61722062422631,1466.35525426371,285.7465838336937,3.6749466081221502,10.051236341267668,3574.952088067475
2025-01-01 01:52:00,0.240806618057832,0.7180906534240971,9.634119161702136,1451.8322532415314,316.6957744522485,3.2077163706071268,34.52453408686659,3763.9870747911345
2025-01-01 01:53:00,0.18592849393941663,0.7526456590806984,9.706918781231082,1430.408552823852,337.5021071876676,3.5101027351939735,32.93394380110926,3641.4706221568513
2025-01-01 01:54:00,0.08321890895280482,0.8437975890636131,9.848873678956046,1457.7196173509694,297.4035594360818,3.3959805919615773,30.729476357639,3191.619014068109
2025-01-01 01:55:00,0.14163607751449137,0.7511670879449791,9.589236182938004,1444.6252594241146,289.6575159404622,3.169719085193634,13.836314896846613,3545.7251754036915
2025-01-01 01:56:00,0.222882903579316,0.8866915698574578,9.02187915231213,1478.0684107367838,338.3730842212229,3.0427923831878054,11.597667179833378,3505.5611846351403
2025-01-01 01:57:00,0.3118982805868135,0.8244955675079642,9.490406315605172,1446.2401256226537,275.3119307738305,3.8572625121805872,32.102626556689216,3392.732851611002
2025-01-01 01:58:00,0.12593703992619953,0.8094839086422769,9.748471668200445,1449.2845892433302,319.55429756027917,3.4546108944539786,29.242277246047934,3337.97367677691
2025-01-01 01:59:00,0.1991527341136154,0.7278055600809006,9.424161879302254,1452.3300199825026,317.5979952802704,3.2115449852948794,21.096942218454387,3936.894309837161
2025-01-01 02:00:00,0.2725366771759288,0.9172153207791351,9.687267957621557,1453.4425515815763,271.94579897064676,3.868849016811658,20.365242002894192,3402.403379659609
2025-01-01 02:01:00,0.23034351595709265,0.713561990119327,9.326082023112956,1450.6223163126913,311.25596794677784,3.5058497850687407,10.97930093556404,3288.519340718048
2025-01-01 02:02:00,0.1812189577960715,0.832044506568178,10.137224234254653,1450.6186113320846,325.17273190049116,3.0941123288569656,39.803028047257314,3659.27820820311
2025-01-01 02:03:00,0.12890377254507768,0.901659699405875,9.761567519695179,1447.3649529495663,291.6262873904206,3.0930801009861937,35.09926456250209,3532.6557443155634
2025-01-01 02:04:00,0.11094243509964899,0.7880631665487761,9.655992000314702,1443.3609220262401,257.27750257059733,3.450221371785251,39.22572288813656,3481.0465334235205
2025-01-01 02:05:00,0.16260471063434598,0.7589884592722517,9.902799050685296,1445.5130695614603,284.69205713701683,3.268786889319161,34.54112422928213,3695.325452762623
2025-01-01 02:06:00,0.1815795234507453,0.7988601126464072,9.90540250274331,1435.7869976968632,333.37865758337375,3.6141494983114666,23.765587382345224,3622.1563539731715
2025-01-01 02:07:00,0.08754409357782607,0.8549397557189954,9.636081416719138,1443.6619218654596,280.14506022464377,3.057429597956393,35.354943893523576,3590.547500237773
2025-01-01 02:08:00,0.11531624795789054,0.8815224338172227,10.000424371925384,1442.0375933499774,316.99993883174017,2.9911618244873406,15.950724874520873,3741.0501210978523
2025-01-01 02:09:00,0.215182423265412,0.836266261051464,9.862158525636499,1444.795162193215,275.89485885815697,3.4150276326507316,30.17423974628074,3570.9091059586976
2025-01-01 02:10:00,0.1795503830981112,0.7358350625296206,9.685759895973492,1444.6570711082259,289.85212262117165,3.734823987585178,17.116580354773877,3345.769512727382
2025-01-01 02:11:00,0.16225847047943742,0.7595486120248758,9.601114988046115,1448.2964892887571,285.15731929317235,3.3272731806142097,21.7743239906915,3409.4294428950693
2025-01-01 02:12:00,0.17962404173989088,0.8122044831648172,9.156700541412095,1455.4288113108441,296.74086060516646,4.363620674909663,36.15040296562702,3369.756916173922
2025-01-01 02:13:00,0.1593687619446848,0.7234300903420854,9.67725929999699,1446.286449208316,307.68011082263877,4.261231247773196,22.74853264786279,3552.4305142441503
2025-01-01 02:14:00,0.2463758103958486,0.7855818000721044,9.670957343750015,1451.0895635672775,299.97242020775474,3.4663277689170866,36.8114813200538,3230.5037764373237
2025-01-01 02:15:00,0.281997703310938,0.9344572141856928,9.266590920506541,1453.243199068261,283.3721852491971,3.197941967397084,27.986781300635865,3041.893508317856
2025-01-01 02:16:00,0.303680776432838,0.736552285076305,10.144569210105734,1446.226098079098,297.6414938175024,3.583992381456028,18.81238423678723,3522.038731149599
2025-01-01 02:17:00,0.23548989298969056,0.8696335406868863,9.598293062983117,1448.2602930767127,295.9844392703884,3.339257747901965,17.81070894418648,3165.8698625110765
2025-01-01 02:18:00,0.2373576296104849,0.7440209338661262,9.171113963078637,1454.2644467724526,292.026436082152,3.485970591939819,10.101221756400552,3012.0054753637187
2025-01-01 02:19:00,0.2731547739836679,0.779556566810295,9.43284736067177,1429.6129649475527,288.9643365867552,3.655995039596198,27.162941257958252,3593.332695954172
2025-01-01 02:20:00,0.286922440711884,0.7957921322396766,9.583108987614196,1457.8870908351657,286.9228473126854,3.5249817885447596,35.15708703659982,3322.2367009691147
2025-01-01 02:21:00,0.27326024422165707,0.7096686108449919,9.585807453948394,1444.3314924455058,303.9423656983437,2.863567330249012,16.741554170111446,3624.031355559769
2025-01-01 02:22:00,0.26061417027721734,0.7936952099999933,9.287875480622098,1405.7171721052741,337.6486258752476,4.160340424551623,24.37729273516831,3367.2865620188404
2025-01-01 02:23:00,0.16826737501916933,0.8778092496736004,9.614054913536389,1456.406098996465,300.2914795216205,3.232767025205493,39.516882143777494,3219.509402948605
2025-01-01 02:24:00,0.120015074805588,0.8430315498922543,9.017112306581755,1435.5837832656448,303.4406668152133,3.4706585836109003,21.801620587558133,3189.120621535996
2025-01-01 02:25:00,0.24385764060933718,0.8418662664415887,9.428123683481932,1460.6998327965866,283.5348534724135,3.749589878318276,38.15340497235826,3371.2681943240723
2025-01-01 02:26:00,0.19530837756669786,0.7517301295057442,9.77386922334585,1438.1832648347242,288.8060323973373,3.555910894639451,34.797721445295196,3431.654298438555
2025-01-01 02:27:00,0.1972164482656043,0.7912968931509409,9.330596185849545,1447.4724763230597,325.0174295382537,3.5680617715945986,24.838377432238016,3294.1349789959518
2025-01-01 02:28:00,0.15552896329441818,0.8121393739748017,9.858602523309957,1457.9938950908784,292.9693293635099,3.6942538945492376,29.0609248986705,3429.7230217966453
2025-01-01 02:29:00,0.13495242741522287,0.8407219729646731,9.920319650948942,1440.445021019848,306.9326164746802,3.126725300100908,11.967493207337057,3115.974425946881
2025-01-01 02:30:00,0.27010833101879234,0.8805507127843648,9.361944160187798,1438.0549621075427,314.50427207123596,3.648338862958065,25.492978180735097,3503.622236244069
2025-01-01 02:31:00,0.22325504968568477,0.7400401559338176,8.640273866231324,1448.6304740830074,288.7707439563321,3.8371521927595476,32.79800737771794,3051.5878145499055
2025-01-01 02:32:00,0.1467483690308997,0.9019728854018342,9.952220041634229,1466.4421782794184,318.9197422868898,3.4456089900696205,16.910997751835815,3451.5359207614424
2025-01-01 02:33:00,0.21952103040224435,0.7828270259902671,10.138954532730606,1463.1958400787457,312.381238457598,3.9388741696785705,11.544601046785255,3674.323527444894
2025-01-01 02:34:00,0.2152800086104164,0.7849017820443454,8.963663230294571,1466.8069774824646,309.8946169845397,4.061107470322471,10.882035744649786,3772.984700561206
2025-01-01 02:35:00,0.22609247451581654,0.7274931883140142,9.68397710966744,1454.6164965337653,283.7698468958032,3.4447369285914897,14.809472234452596,3928.595061717273
2025-01-01 02:36:00,0.311663540687245,0.7959322949206784,9.730582513214674,1455.859409374633,301.68433841470807,3.8472810925906886,17.13300994384588,3110.928088287827
2025-01-01 02:37:00,0.19826489493846708,0.7863088409372399,8.954010443084936,1462.8437167715192,264.79003188056083,3.6020281775390446,34.16205062201639,3689.6813001386213
2025-01-01 02:38:00,0.13601884088677044,0.7259297399890668,9.385907124348556,1456.8226408297917,300.91840360984855,3.9189416822845855,23.773436198283484,3801.570548528962
2025-01-01 02:39:00,0.20182713207436268,0.7825169759508893,10.102812604533263,1440.3404131290295,301.3705455262532,3.423646845577045,26.066751323693364,3745.139246209492
2025-01-01 02:40:00,0.16768217072380975,0.807281430890111,9.692398953162947,1459.3915646432706,291.47719203326375,3.0055124644831874,19.393031742604542,3267.6690462234405
2025-01-01 02:41:00,0.2274283918428287,0.7753139686383648,9.611868824897467,1444.0789775006222,305.45392335809987,3.8425054603876148,18.96484984078665,3602.9492077789946
2025-01-01 02:42:00,0.21052712280141447,0.846755621115769,10.06853260923154,1440.161368460882,273.7022507657882,3.759126085161147,26.604564769601154,3965.013918056786
2025-01-01 02:43:00,0.2173250875237993,0.7385189248530404,9.370469330029843,1451.6645642650674,286.30443465129093,3.6590389041062945,32.37367039714964,3125.6815894108513
2025-01-01 02:44:00,0.17164744158664036,0.8533929300955225,8.886113844954389,1449.0432922127163,272.488062796752,3.2049629329895444,15.420704986535245,3619.084425064313
2025-01-01 02:45:00,0.22068394041715583,0.7888410519629042,10.147761993956484,1460.4719858455273,300.51258253791445,3.3106445055001936,23.039483497701955,3778.0726214147708
2025-01-01 02:46:00,0.17448719719618572,0.8223361867669238,9.295281488728392,1453.342201621628,290.2741524832867,3.6353097217221815,29.32260856871595,3325.852246085349
2025-01-01 02:47:00,0.22586296773581072,0.6892888918202875,9.607109064671494,1444.86951840909,316.6722158352959,3.526220811213066,38.802816416469945,3645.742575821489
2025-01-01 02:48:00,0.18494974358079264,0.8077487522946782,10.074652962457009,1449.278888721268,284.43717001284546,3.221072087678671,18.082110606565138,3232.276873001282
2025-01-01 02:49:00,0.14407967843593142,0.7962859861277186,9.722665506404493,1443.178140501936,307.47331292460973,3.4524944089593097,21.785921280278657,3296.947854642065
2025-01-01 02:50:00,0.22492618118092822,0.8561424742436902,9.67855954259761,1446.1160923574923,297.9564627415456,3.692002031700463,27.079068879476445,3295.729938292788
2025-01-01 02:51:00,0.16469530650313297,0.7292058097536891,9.369466062900472,1465.1932404556696,303.38897169033487,3.241364950078983,14.256926652552949,3548.0769247047297
2025-01-01 02:52:00,0.27219405516880707,0.8818424905025739,9.845091017031727,1454.9627601173686,311.483912794654,3.4449179475704086,28.347489151468515,3477.254683491808
2025-01-01 02:53:00,0.2221478130431968,0.7350421297277511,10.492788718667642,1445.5194785282843,325.65459061030697,3.2466292076139154,39.2337174045868,3738.5288019305162
2025-01-01 02:54:00,0.22338526073143833,0.8790016512486626,9.383581623259232,1446.1580044741918,322.06474081935363,3.799974328040778,18.20260775269525,3264.9302214402646
2025-01-01 02:55:00,0.20506723950710248,0.8346917376231926,9.16866170755868,1442.8816499740117,273.91917123762767,3.457969516988603,24.41744675811269,3467.1810874768753
2025-01-01 02:56:00,0.19703240095610933,0.7547323161023803,9.736712992596424,1447.748110542947,307.06014163872095,3.4770851645283876,13.529147943901958,3740.2691159033766
2025-01-01 02:57:00,0.08066511278103115,0.9301856955530432,9.323601547623646,1432.1632948464726,279.3969225712313,3.8181251802625176,25.54180754746393,3640.1942930587365
2025-01-01 02:58:00,0.26110852784390415,0.7282625395643847,9.666531986300058,1457.342732989852,303.2686443646007,3.6331546447809773,39.14730755060326,3168.8396661046922
2025-01-01 02:59:00,0.15930439961267226,0.7896815474158866,9.625956596604802,1446.761871235957,282.24464707452626,3.3267778514476456,26.271287792905063,3666.3009212394277
2025-01-01 03:00:00,0.24781309286903846,0.8124240233320008,9.815224974887332,1458.309917266331,314.9865447178478,3.8633805067102593,16.40504356868028,3380.3955300488587
2025-01-01 03:01:00,0.16807447222897492,0.8313070246958839,9.696955192115105,1461.5359999085144,311.80682017479313,3.0047444448674425,19.322717200779934,3596.346634473662
2025-01-01 03:02:00,0.19284367911714279,0.8135833574585744,9.743385029911858,1453.7810276628206,298.71388178509795,3.0554097556145776,28.792223189329643,3575.1701037557273
2025-01-01 03:03:00,0.18879050837137387,0.8479478165870764,10.126960399542819,1437.8240139632164,279.7993119070666,3.6090907257483726,35.71070313437099,3804.829720992157
2025-01-01 03:04:00,0.148075237994532,0.8275547485818382,9.230988563450742,1435.329091408161,269.05868600446917,3.4193977999154854,23.603130746796058,3529.1399849338422
2025-01-01 03:05:00,0.19141454757803528,0.8019619801964553,9.638179569049413,1459.873751140861,272.72221765542935,3.8834862430352306,24.703603653728713,3036.5485321230735
2025-01-01 03:06:00,0.22381730881734063,0.7442262246105735,9.74789472658553,1460.0376982030616,292.3931774892301,3.562651924075958,34.280659612727234,3157.5350702552014
2025-01-01 03:07:00,0.17929108672060487,0.779297779707391,9.132545064151348,1433.462867474862,308.0545264525955,3.5365817774721835,13.158811518779045,3682.788596356848
2025-01-01 03:08:00,0.13679583284282523,0.8541487713707956,9.24111508149382,1438.6548543167844,314.2746956453532,3.8378156085334103,38.53736826480261,3435.420916690597
2025-01-01 03:09:00,0.17133922219930858,0.7300100415398785,9.48647398090481,1463.0954376665686,315.8318706529487,3.3053544474448424,23.942951842394976,3784.494765023516
2025-01-01 03:10:00,0.21249086579606102,0.8066595087017278,9.405385248783398,1450.8891727913708,280.7816972103465,3.0008898769194783,19.949495747792326,3568.359704482756
2025-01-01 03:11:00,0.25736010408074583,0.6770962052401134,10.06730068078695,1474.3691241894624,295.8928433687616,3.728857635124407,33.35634684210799,3312.7335660136187
2025-01-01 03:12:00,0.24179719783861023,0.7582633432250716,9.672740868078424,1456.202736471311,312.5408897177785,3.2448590575976266,17.694178715117374,3770.601689930804
2025-01-01 03:13:00,0.21437018225192148,0.7026103648004142,10.792561869957813,1461.1462883562624,306.8374738221975,3.637769870280519,14.393098852985144,3298.15057961771
2025-01-01 03:14:00,0.15022018505434162,0.8746724468383499,9.470084502108024,1448.989947848684,294.98518900661486,3.2032813409256446,17.743650487616414,2986.841122931164
2025-01-01 03:15:00,0.2453444733782968,0.6906350483734118,9.495644707090106,1444.617211627741,274.32389673810314,3.432763417921594,30.175926093725455,4015.9488877657122
2025-01-01 03:16:00,0.2012105372193063,0.7856236160771296,10.522741653768296,1432.6008648689376,328.776974561983,3.3375871766508673,13.02003940646971,3022.312780594451
2025-01-01 03:17:00,0.18800091326544796,0.843706583864616,9.396701331569465,1417.5168305220964,295.57310650503183,3.211421422593801,23.539272182074217,3659.10321474483
2025-01-01 03:18:00,0.2455055281953405,0.8365330561300258,10.49912433272743,1463.388325334038,267.68693654784835,3.275898294255906,17.066779643924257,3734.7129422396683
2025-01-01 03:19:00,0.2308922375419639,0.8463910827206336,8.375284753151767,1459.529239090547,303.17785371885304,3.643008327862285,26.37034497306217,3536.766465775398
2025-01-01 03:20:00,0.22498090219326622,0.8637412297543491,9.356195892039116,1443.9487962098456,301.1165310595023,3.4529959338362244,14.148413253316804,3079.1507890904777
2025-01-01 03:21:00,0.14242278773622832,0.8284103014279859,10.18199418375736,1462.6301192033054,293.7979648109856,3.682383894429616,33.218988008068905,3753.7537338652223
2025-01-01 03:22:00,0.16947417996814285,0.8500758723004262,10.259296374027102,1432.3953593555925,295.10917634696574,3.189574654436788,37.717376974161056,3139.6140708403836
2025-01-01 03:23:00,0.11480572962399883,0.7967515234544206,9.805365396532869,1468.8892498929708,275.06328610974947,3.2287879825499735,19.58077653244711,3164.0928587773833
2025-01-01 03:24:00,0.20972186888998487,0.7984616187342727,9.362806007110976,1455.668048606253,320.48519524374024,3.0644427930907874,20.634356986705665,3409.5829218337585
2025-01-01 03:25:00,0.2014120624239309,0.6943759613522049,9.567153779786942,1470.1231604926197,294.8597066796749,3.1568094936568323,27.94255719916959,3697.1261435292495
2025-01-01 03:26:00,0.24662802531584876,0.8101223126918018,9.934985478774104,1429.7054691601911,262.55306672306324,3.441614002280179,32.16455016160975,3575.0284764326984
2025-01-01 03:27:00,0.21060216593848383,0.8760366093453015,9.750202218792039,1467.1336892904947,291.80839458434673,3.426676043608036,11.748210498296388,3702.6920714468797
2025-01-01 03:28:00,0.18160277157243832,0.7551230900305312,10.004968294456841,1461.142725497594,249.12870813377742,3.61938200827085,30.24334585641158,3389.089042363239
2025-01-01 03:29:00,0.3055744202186623,0.7298151710657743,9.335766164273023,1454.0736412782326,299.984463899805,3.8195689040993264,34.427447337812914,3456.9541783610102
2025-01-01 03:30:00,0.1485213252882415,0.8054740679441126,9.958555614944636,1439.5746153528569,282.80974204181615,3.660689385527595,33.77563627386863,3215.7158029587004
2025-01-01 03:31:00,0.13318598453892297,0.8680651392260844,10.139158338051544,1454.2580519590197,302.52535755531756,3.4019571759292835,23.15804145874087,3420.783636694331
2025-01-01 03:32:00,0.16947163211044824,0.8723944601612662,10.862094936499071,1453.153705576144,310.6393991985708,3.175190828790121,34.68311305891869,3648.2820379524737
2025-01-01 03:33:00,0.22623471312366422,0.7099720854938365,9.916408780054521,1442.6915825148408,296.41193584128405,3.992611785751968,26.412300516689154,3425.04298650622
2025-01-01 03:34:00,0.18253459372256728,0.8270012417926039,9.909164651696793,1433.547374914283,340.4283093242903,3.6590787376038647,15.601752662467188,3618.864888703654
2025-01-01 03:35:00,0.17796307686757662,0.7606250394797738,9.28976152214547,1437.1765027028343,301.10912174139025,2.523569874587998,18.572105170146443,3356.68143711262
2025-01-01 03:36:00,0.1439356199551076,0.8166482581346651,9.09085239187804,1443.6315913413684,309.11474732136185,3.533950850975012,27.782078752325095,3351.9021018025624
2025-01-01 03:37:00,0.27364223648601244,0.6645378284842695,8.711240904094781,1463.6433072333482,299.42791567142626,3.8000706775598982,26.574244103106565,3509.792162431896
2025-01-01 03:38:00,0.16883138812368326,0.855307262619668,9.812716363811523,1464.2446982539757,294.23932495894803,3.320196935515165,34.06504816286599,3451.2796242979275
2025-01-01 03:39:00,0.14596490238768736,0.7762645029766817,10.438186404618257,1470.2907499439327,285.2112583354976,3.6170658514699388,31.446804476760384,3648.0963106503646
2025-01-01 03:40:00,0.1938734953652938,0.8123005804250103,9.588184379182167,1455.883376385778,319.0800389712141,3.4288942842342784,16.39180448987099,3544.57256040149
2025-01-01 03:41:00,0.1596128452224523,0.7892209385073047,8.632429142279774,1432.6536377960888,312.04631208161237,3.594447003899158,21.921589920953863,3935.086573848206
2025-01-01 03:42:00,0.1883721888092314,0.7379620423074132,9.704825322175454,1441.0827902846243,326.66757045258856,3.4390860355069344,33.342225424982864,3445.1263738722496
2025-01-01 03:43:00,0.2667575168312951,0.8315322525279362,9.544916198124515,1436.1514669919875,288.6695263641581,3.6437464551097496,23.743543827446075,3443.1868375609247
2025-01-01 03:44:00,0.17767716366537445,0.771099770252996,9.478201662190132,1446.9079111816577,285.87115044594265,3.484461607028891,16.750907768886012,3239.9672340537013
2025-01-01 03:45:00,0.19751056578442253,0.7586950320156527,10.332467889763414,1466.5217685222576,295.529479329944,3.650784140415211,38.11284300911029,3505.6944918547965
2025-01-01 03:46:00,0.18157276104595765,0.839551586699581,10.124626912227777,1447.8522312205273,300.4014569032446,3.305764389258293,23.472267834159343,3670.7072346680498
2025-01-01 03:47:00,0.19041302157741408,0.7949839028700749,10.227763350876211,1444.8324410334574,297.1142692033512,3.6379618971134517,19.261807825630207,3314.9260896484097
2025-01-01 03:48:00,0.24098399600381115,0.7580292035976328,9.31292639885848,1456.3488696779245,265.93849519780775,3.3275404335629766,25.337748118986955,3487.581934310093
2025-01-01 03:49:00,0.226581686214675,0.8563572888206161,9.775501048276427,1458.800369571996,297.016269750329,2.8516373671054556,19.027550759073673,3679.6391900449594
2025-01-01 03:50:00,0.18291924820506456,0.7645749610585194,9.190668195698272,1461.6005902049938,303.4205765071187,3.5173471061893515,18.111512791769727,3468.272712747327
2025-01-01 03:51:00,0.1534549759736585,0.798118940740044,10.089066914057723,1438.7767107748257,307.2986803296566,3.5153854636340025,29.845953651957,3370.2156747129434
2025-01-01 03:52:00,0.19328915028595148,0.8440533612358879,9.182977691811855,1439.46150082761,293.60742505585574,3.159693956902356,33.856999256834385,3743.273287695051
2025-01-01 03:53:00,0.24162968065121648,0.8566225792330416,10.135974143965905,1444.5312608751879,298.8487029761776,3.915561154563706,22.26495209915516,3524.254891389066
2025-01-01 03:54:00,0.1991323365523963,0.8720096143778303,9.731842082919744,1458.9169108751828,319.7006728786701,3.3230182915183297,14.828204972730383,3599.1411264357207
2025-01-01 03:55:00,0.1936170889023208,0.8994046344060832,9.723768911773865,1452.319574098431,321.72667142854874,3.700422266845097,24.273861636706997,3792.8483625526296
2025-01-01 03:56:00,0.10960416878919976,0.8026989913319602,9.054964180600871,1438.344119894121,301.0984278727599,3.354544327743082,22.048022266984994,3786.328979617408
2025-01-01 03:57:00,0.24969844884358466,0.752109418985172,9.915053336102137,1472.7624662120195,299.62219737630903,3.52640451715791,23.07133897471247,3413.1989543814943
2025-01-01 03:58:00,0.12544355705908736,0.8988820412402706,8.900963733893267,1443.480352611753,300.0896176497205,3.610559937661073,17.196279880789554,3368.6425701317703
2025-01-01 03:59:00,0.13589462599690455,0.8834964578868709,9.131655564232416,1448.5144638318643,314.9097820268487,3.8072217857505137,33.087921073794114,3571.077233333033
2025-01-01 04:00:00,0.18121462951095257,0.7820383230062855,9.25520355690545,1448.8410538426226,302.8188462177818,3.251867863295808,16.066828316202873,3466.8031161903
2025-01-01 04:01:00,0.2017321937883896,0.8420722947435435,10.458808264429361,1440.1598247184945,302.7752897707095,3.056003775757933,11.159395748247798,3025.0346701794133
2025-01-01 04:02:00,0.2022539079041932,0.7773439063555528,9.673087847981316,1449.573079291137,324.98432352281986,4.015263036501694,31.00340893775194,3818.840433666472
2025-01-01 04:03:00,0.16181265535768277,0.7065619357510019,9.35647748467976,1450.6762048771443,289.39237070883166,3.492053840680273,32.27503419326197,3504.840331874814
2025-01-01 04:04:00,0.18434307464016844,0.8622905370834252,9.83954376890383,1453.1438574779493,281.9686302185417,4.24203406665673,17.162780678888222,3684.0944916621165
2025-01-01 04:05:00,0.16965052322118895,0.8207631118751209,10.581463260068627,1453.7868667569521,297.93287510978945,3.4415537830367144,15.202177608064456,3206.7708589299577
2025-01-01 04:06:00,0.10952243855881591,0.8073429065360986,9.566065680321744,1443.6065158674176,331.6920213723497,2.972458834911577,27.415938382186845,3822.0508896895985
2025-01-01 04:07:00,0.18722411288644766,0.9014003622544524,9.205210931048175,1438.8963708175322,309.2304708404487,3.595830358894609,37.58891302751142,3352.9342984844234
2025-01-01 04:08:00,0.1653100326591593,0.8859627285005921,9.182410751598614,1463.1270372918207,272.2950467980718,3.7286928202621428,17.619498916355624,3473.0832316316682
2025-01-01 04:09:00,0.22095988788200838,0.7615025825697614,9.605950226247215,1447.3837996150676,315.41927163814853,3.5914911433349883,26.20012588590145,3149.6438325681556
2025-01-01 04:10:00,0.192739990671897,0.7334884366289169,10.300162867112235,1463.1728511211536,303.6075516184062,3.3417436951448996,17.93134659314974,3458.262565817103
2025-01-01 04:11:00,0.24819006499410426,0.6863178042108562,9.571129282388137,1455.4410350680278,304.7821007644936,3.619180133124904,32.24943343588076,3442.5490168273072
2025-01-01 04:12:00,0.23481109941133527,0.8003733372290773,9.531332361926312,1482.1935432415883,272.350292941307,3.055970726881411,24.01289171810098,3453.65986521207
2025-01-01 04:13:00,0.24497027311879485,0.7768325160653692,9.229683493924778,1448.8491049428383,287.6116750355382,3.004496655451675,21.368690470453586,3609.6261856889546
2025-01-01 04:14:00,0.26041890365759796,0.8217918292114522,9.169264022549687,1430.1498973269108,289.8104652266793,3.4416053258977994,29.68421727424512,3515.0864619671256
2025-01-01 04:15:00,0.234662685215617,0.8007709249417265,10.0446225353677,1446.2153922879909,314.13096584912216,3.7210537727576742,25.942586221721058,3743.9456562737705
2025-01-01 04:16:00,0.19168196943175117,0.7606200571937554,9.765069571952218,1464.5397513859944,284.0681791395894,2.705205690329758,16.03448052606865,3382.9604535871536
2025-01-01 04:17:00,0.26765565552534926,0.7757390180299016,9.791987584315867,1472.8141303689197,283.5406212348611,3.576317097859006,22.486367274874063,3250.996022821409
2025-01-01 04:18:00,0.15356867434914306,0.7065196202231495,9.074027894572547,1471.0096982127905,272.829458258748,3.354583835706763,38.694805237486776,3495.2234020949845
2025-01-01 04:19:00,0.19822637565269194,0.8737028022369203,9.849986209664207,1458.0270808045875,312.8203310578897,3.1719086188789407,34.03405642205094,3657.092009075946
2025-01-01 04:20:00,0.24298229758814024,0.7680468726811213,9.754728806312684,1469.2446889994635,292.15510944819783,3.5285857324574135,25.3632581359838,3811.1604432419563
2025-01-01 04:21:00,0.18562516951963962,0.8367413638270267,10.233237176190837,1438.241715805998,312.99275336043286,3.448794402814652,29.813897546013713,3703.4803588909845
2025-01-01 04:22:00,0.23574749731187186,0.7605351017488523,10.050075103403397,1443.3853063601634,297.5431740485806,3.509799262934555,14.271142732979568,3058.639833085418
2025-01-01 04:23:00,0.15982736995923955,0.8042511335429008,9.529029629181316,1439.0677628699748,310.11946594828567,3.7149808798128032,22.395801190408505,3594.264589515054
2025-01-01 04:24:00,0.17297590210046432,0.8378040080430345,9.756480158937018,1457.4567671565376,284.9405934938292,3.6430277330897254,36.844491084462305,3865.0929432303087
2025-01-01 04:25:00,0.22730887131841948,0.7835718971737083,9.751477027645501,1465.990363898005,309.98200308666026,3.849500479566488,15.643610261998123,3515.64409158667
2025-01-01 04:26:00,0.23559446302593268,0.7510867918350275,9.583437388055527,1450.8443121254495,290.0619053858156,3.830149058981438,39.457640034974155,3370.9893749644934
2025-01-01 04:27:00,0.2598577245141027,0.9395126234393519,9.272124633428458,1455.42186143272,286.4502580765138,3.272466094941338,35.44333254378239,3577.29021317324
2025-01-01 04:28:00,0.19649664874736653,0.7880909107678197,9.982856010784607,1444.9383750378681,317.18235981290496,3.465554569316477,30.58384294761983,3374.1895039447263
2025-01-01 04:29:00,0.2149113560863129,0.834096382934355,10.527760985052076,1446.0398581277377,277.8590239603831,2.7797453307270295,21.20872453901583,3659.7782914760132
2025-01-01 04:30:00,0.2313096303640706,0.7951435767340082,9.583651929222647,1451.9690887731822,302.1099038599335,3.2944754298654684,12.762326545096332,3496.7513821355956
2025-01-01 04:31:00,0.22337160291346334,0.7536063149073158,10.280580202094297,1469.0116381528458,305.97060195256915,2.9670791312602764,18.840514306575145,3848.2500324991256
2025-01-01 04:32:00,0.1348689284125106,0.8788555574425805,9.491366370210025,1456.207435032853,304.4326240537378,3.245012696895902,32.2298942352985,3624.875687122733
2025-01-01 04:33:00,0.17149551751499986,0.8234697410561727,9.48394637895505,1456.704778927467,301.14793004868,3.4068347189533674,22.648640939071278,3319.028828351084
2025-01-01 04:34:00,0.2721475005048394,0.820454730163324,9.610108468069294,1463.4235447373676,318.05521031874275,3.608075522423637,34.08658100864863,3651.157820970867
2025-01-01 04:35:00,0.13780024328890453,0.6634607370562586,9.501351556510611,1458.254059974639,288.51707829156464,3.3066185064366853,16.47389429199475,3734.0029250577777
2025-01-01 04:36:00,0.23144401657304625,0.8172291652030184,10.01098567415819,1441.8914515042784,326.7041739443948,4.259916168632208,34.71238390272613,3357.8860363013086
2025-01-01 04:37:00,0.1787203936866288,0.8503737073761178,10.08680434062874,1471.41610849852,325.89811145738014,3.4886434545518727,35.80334750023249,3393.5513993762174
2025-01-01 04:38:00,0.2501604779909036,0.8169796320947676,8.591152247255936,1448.904207720658,305.15794115137356,2.9499338714550474,31.665914908740664,2923.704181599698
2025-01-01 04:39:00,0.1610911195653183,0.7910939675250818,9.947946570590744,1450.7340778088292,298.8415278158905,4.100902611662239,16.1204240604508,3725.8514972413586
2025-01-01 04:40:00,0.2024472315056354,0.871570915565167,9.779482251166415,1449.6053283506174,279.5946289126896,3.39387035276069,16.686743229338944,3353.0614040125515
2025-01-01 04:41:00,0.09867990557507161,0.8147664758505553,10.321896487342478,1457.7587401673804,283.89959191521,3.3608894049211235,11.928831912546991,2969.4126319918273
2025-01-01 04:42:00,0.19790318249368763,0.8348361445935527,9.262104369402694,1447.9168455647496,287.76164102623574,3.7280845975908545,11.53904040077372,3057.8070749800772
2025-01-01 04:43:00,0.2537271389670274,0.8622001027294496,9.673443316071124,1454.930808739576,303.41794145562255,3.265991311180133,32.17208896551173,3444.2624608886244
2025-01-01 04:44:00,0.1249570299860447,0.8600533904542553,10.109889448896393,1471.052901363408,328.5022075693588,3.9672475516254986,24.7454992194632,3690.1649926077766
2025-01-01 04:45:00,0.2592872217235874,0.7211456291651914,9.980735179832362,1441.0333016843106,272.2453269317928,4.129327953851792,32.84533655652928,3477.733845297494
2025-01-01 04:46:00,0.16424593790110323,0.8201778667389221,10.236518517409017,1428.1604999364558,316.80341145633685,3.944279857627029,18.482385154208977,3617.9444397816956
2025-01-01 04:47:00,0.19743807374620279,0.7543026818504329,9.307847358218414,1465.7990997926195,303.2422467458545,3.5563741085888987,20.358006192538728,3224.625093318732
2025-01-01 04:48:00,0.06127083196145569,0.6795329556548741,9.351466871780708,1453.6310738373259,306.5659260584112,3.330518931642193,36.84110788773981,3164.65859323188
2025-01-01 04:49:00,0.2539314065626454,0.8171254807283663,9.858420783490248,1458.5606927071794,303.37835201407137,3.7399089113565336,39.921502018435405,3721.430201666618
2025-01-01 04:50:00,0.15621570415378425,0.6957247346664156,9.070924104238973,1458.8462747148703,288.3693916999803,3.8262621436348736,13.052678274361373,3623.0361147937047
2025-01-01 04:51:00,0.17309453404024133,0.7720111276572829,9.800552386634536,1445.9655994799089,293.9263773453257,3.673584662391917,33.37756275979547,3492.372787514648
2025-01-01 04:52:00,0.13608921504949795,0.6494459092661249,9.996498518113727,1452.5181149160344,301.9929377500078,3.6019155031788985,26.684457335227084,3820.5231562544304
2025-01-01 04:53:00,0.15036152769228803,0.7387386583480168,9.759337422746768,1429.6728478328907,321.01421944460736,3.992654016738028,10.136463660008811,3262.2023854780673
2025-01-01 04:54:00,0.25717139438172937,0.771811482286821,9.079556125516499,1449.2278529722826,295.68373095762206,3.5255044629871315,28.496504359324923,3394.9334195481597
2025-01-01 04:55:00,0.17454637007703874,0.799534492740045,9.389128624130777,1451.2167447684335,324.82378338782354,3.1202488443606047,18.39784562483134,3756.5928327031916
2025-01-01 04:56:00,0.24475004693950025,0.7676083765593523,9.492638702597722,1436.1291320593998,320.85256927316846,3.0421500067997442,20.516891997559053,3959.448598049531
2025-01-01 04:57:00,0.1911898316910385,0.744533749592757,9.78701914120164,1441.832199713964,296.4022400135129,3.6310967951212727,39.078366619872725,3502.106399991633
2025-01-01 04:58:00,0.21730417342778244,0.7459383437956055,9.717600007106553,1448.6215511836513,307.0784933248927,4.048676756083665,32.28033740311013,3919.879851900332
2025-01-01 04:59:00,0.1746844935355633,0.8919327792150961,9.443828916872576,1453.92246852727,322.7924576837738,3.5396031215323176,11.635652210916744,3349.372346264173
